-- phpMyAdmin SQL Dump
-- version 5.2.1
-- https://www.phpmyadmin.net/
--
-- Host: localhost
-- Generation Time: Dec 12, 2024 at 11:52 AM
-- Server version: 10.4.21-MariaDB
-- PHP Version: 8.2.12

SET SQL_MODE = "NO_AUTO_VALUE_ON_ZERO";
START TRANSACTION;
SET time_zone = "+00:00";


/*!40101 SET @OLD_CHARACTER_SET_CLIENT=@@CHARACTER_SET_CLIENT */;
/*!40101 SET @OLD_CHARACTER_SET_RESULTS=@@CHARACTER_SET_RESULTS */;
/*!40101 SET @OLD_COLLATION_CONNECTION=@@COLLATION_CONNECTION */;
/*!40101 SET NAMES utf8mb4 */;

--
-- Database: `poli`
--
CREATE DATABASE IF NOT EXISTS `poli` DEFAULT CHARACTER SET utf8mb4 COLLATE utf8mb4_general_ci;
USE `poli`;

-- --------------------------------------------------------

--
-- Table structure for table `daftar_poli`
--

CREATE TABLE `daftar_poli` (
  `id` int(10) UNSIGNED NOT NULL,
  `id_pasien` int(11) UNSIGNED NOT NULL,
  `id_jadwal` int(11) UNSIGNED NOT NULL,
  `keluhan` text NOT NULL,
  `no_antrian` int(10) UNSIGNED NOT NULL,
  `status_periksa` enum('0','1') NOT NULL
) ENGINE=InnoDB DEFAULT CHARSET=utf8mb4;

--
-- Dumping data for table `daftar_poli`
--

INSERT INTO `daftar_poli` (`id`, `id_pasien`, `id_jadwal`, `keluhan`, `no_antrian`, `status_periksa`) VALUES
(1, 6, 4, 'badan pegal tidak sembuh sembuh', 1, '1'),
(2, 7, 5, 'capek', 1, '1'),
(3, 7, 4, 'sakit', 2, '0');

-- --------------------------------------------------------

--
-- Table structure for table `detail_periksa`
--

CREATE TABLE `detail_periksa` (
  `id` int(11) NOT NULL,
  `id_periksa` int(11) NOT NULL,
  `id_obat` int(11) NOT NULL
) ENGINE=InnoDB DEFAULT CHARSET=utf8mb4;

--
-- Dumping data for table `detail_periksa`
--

INSERT INTO `detail_periksa` (`id`, `id_periksa`, `id_obat`) VALUES
(1, 1, 1),
(2, 2, 3),
(3, 2, 4);

-- --------------------------------------------------------

--
-- Table structure for table `dokter`
--

CREATE TABLE `dokter` (
  `id` int(11) NOT NULL,
  `nama` varchar(255) NOT NULL,
  `password` varchar(50) NOT NULL,
  `alamat` varchar(255) NOT NULL,
  `no_hp` varchar(50) NOT NULL,
  `id_poli` int(11) NOT NULL
) ENGINE=InnoDB DEFAULT CHARSET=utf8mb4;

--
-- Dumping data for table `dokter`
--

INSERT INTO `dokter` (`id`, `nama`, `password`, `alamat`, `no_hp`, `id_poli`) VALUES
(8, 'coba', 'c3ec0f7b054e729c5a716c8125839829', 'jln jauh', '123456789', 1),
(9, 'budi', 'c3ec0f7b054e729c5a716c8125839829', 'Jl. Sidomukti', '085111', 1),
(10, 'aryo', '2ec87599180c059aa5444292cd98c5ff', 'jalan', '123', 6),
(13, 'eko', 'b7a2c3b25c9441b0a38d0a874ace268b', 'jalan', '09876543', 1),
(14, 'aji', '81dc9bdb52d04dc20036dbd8313ed055', 'jl.jalan123', '1234', 2);

-- --------------------------------------------------------

--
-- Table structure for table `jadwal_periksa`
--

CREATE TABLE `jadwal_periksa` (
  `id` int(10) UNSIGNED NOT NULL,
  `id_dokter` int(11) NOT NULL,
  `hari` enum('Senin','Selasa','Rabu','Kamis','Jumat','Sabtu') NOT NULL,
  `jam_mulai` time NOT NULL,
  `jam_selesai` time NOT NULL
) ENGINE=InnoDB DEFAULT CHARSET=utf8mb4;

--
-- Dumping data for table `jadwal_periksa`
--

INSERT INTO `jadwal_periksa` (`id`, `id_dokter`, `hari`, `jam_mulai`, `jam_selesai`) VALUES
(4, 9, 'Senin', '15:00:00', '20:00:00'),
(5, 8, 'Rabu', '17:35:00', '21:35:00'),
(6, 8, 'Kamis', '16:50:00', '16:56:00'),
(7, 10, 'Senin', '11:50:00', '11:53:00');

-- --------------------------------------------------------

--
-- Table structure for table `obat`
--

CREATE TABLE `obat` (
  `id` int(11) NOT NULL,
  `nama_obat` varchar(50) NOT NULL,
  `kemasan` varchar(35) NOT NULL,
  `harga` int(11) NOT NULL
) ENGINE=InnoDB DEFAULT CHARSET=utf8mb4;

--
-- Dumping data for table `obat`
--

INSERT INTO `obat` (`id`, `nama_obat`, `kemasan`, `harga`) VALUES
(1, 'Albendasol', 'Kotak 10 botol @ 10 ml', 6500),
(3, 'Alprazolam', 'tablet 1 mg', 120000),
(4, 'Amilorida ', 'tablet 5 mg', 15000);

-- --------------------------------------------------------

--
-- Table structure for table `pasien`
--

CREATE TABLE `pasien` (
  `id` int(10) UNSIGNED NOT NULL,
  `nama` varchar(255) NOT NULL,
  `password` varchar(50) NOT NULL,
  `alamat` varchar(255) NOT NULL,
  `no_ktp` varchar(255) NOT NULL,
  `no_hp` varchar(50) NOT NULL,
  `no_rm` varchar(25) NOT NULL
) ENGINE=InnoDB DEFAULT CHARSET=utf8mb4;

--
-- Dumping data for table `pasien`
--

INSERT INTO `pasien` (`id`, `nama`, `password`, `alamat`, `no_ktp`, `no_hp`, `no_rm`) VALUES
(5, 'tomo', '25d55ad283aa400af464c76d713c07ad', 'jauh', '098123', '09876543', '202312-001'),
(6, 'test', '25d55ad283aa400af464c76d713c07ad', 'disana', '123', '08976543', '202312-002'),
(7, 'seto', '202cb962ac59075b964b07152d234b70', 'jalan', '12345', '123', '202412-003'),
(8, 'ryan', '202cb962ac59075b964b07152d234b70', 'jalanan', '54321', '12345', '202412-004'),
(9, 'ahmad', '202cb962ac59075b964b07152d234b70', 'jalan321', '11111', '123', '202412-005'),
(11, 'ardian', '202cb962ac59075b964b07152d234b70', 'jl.jalan', '321', '12345', '202412-006');

-- --------------------------------------------------------

--
-- Table structure for table `periksa`
--

CREATE TABLE `periksa` (
  `id` int(11) NOT NULL,
  `id_daftar_poli` int(11) UNSIGNED NOT NULL,
  `tgl_periksa` datetime NOT NULL,
  `catatan` text NOT NULL,
  `biaya_periksa` int(11) NOT NULL
) ENGINE=InnoDB DEFAULT CHARSET=utf8mb4;

--
-- Dumping data for table `periksa`
--

INSERT INTO `periksa` (`id`, `id_daftar_poli`, `tgl_periksa`, `catatan`, `biaya_periksa`) VALUES
(1, 1, '2023-12-31 17:39:00', 'rematik, harus banyak olahraga, tetapi jgn langsung olahraga berat', 150000),
(2, 2, '2024-12-02 16:28:00', 'baik', 150000);

-- --------------------------------------------------------

--
-- Table structure for table `poli`
--

CREATE TABLE `poli` (
  `id` int(11) NOT NULL,
  `nama_poli` varchar(25) NOT NULL,
  `keterangan` text NOT NULL
) ENGINE=InnoDB DEFAULT CHARSET=utf8mb4;

--
-- Dumping data for table `poli`
--

INSERT INTO `poli` (`id`, `nama_poli`, `keterangan`) VALUES
(1, 'Klinik Akupuntur', 'Klinik akupuntur adalah fasilitas kesehatan yang menyediakan layanan terapi akupuntur.'),
(2, 'Klinik Anak', 'Klinik anak adalah pusat pelayanan kesehatan yang khusus menangani masalah kesehatan anak-anak.'),
(3, 'Klinik Bedah', 'Klinik bedah adalah fasilitas medis di mana prosedur bedah dilakukan.'),
(4, 'Klinik Bedah Saraf', 'Klinik bedah saraf adalah unit spesialis dalam bidang bedah yang fokus pada sistem saraf.'),
(5, 'Klinik Gigi', 'Klinik gigi adalah fasilitas pelayanan kesehatan oral yang menyediakan perawatan gigi dan mulut.'),
(6, 'Klinik Forensik', 'Klinik Forensik adalah fasilitas kesehatan yang khusus menyediakan pelayanan medis terkait dengan bidang forensik atau ilmu hukum.'),
(9, 'Klinik Saraf', 'Klinik Saraf adalah fasilitas pelayanan kesehatan yang secara khusus fokus pada diagnosis, pengobatan, dan manajemen berbagai gangguan dan penyakit yang berkaitan dengan sistem saraf. ');

--
-- Indexes for dumped tables
--

--
-- Indexes for table `daftar_poli`
--
ALTER TABLE `daftar_poli`
  ADD PRIMARY KEY (`id`),
  ADD KEY `fk_daftarPoli_jadwal` (`id_jadwal`),
  ADD KEY `fk_daftarPoli_pasien` (`id_pasien`);

--
-- Indexes for table `detail_periksa`
--
ALTER TABLE `detail_periksa`
  ADD PRIMARY KEY (`id`),
  ADD KEY `fk_detailPeriksa_periksa` (`id_periksa`),
  ADD KEY `fk_detailPeriksa_obat` (`id_obat`);

--
-- Indexes for table `dokter`
--
ALTER TABLE `dokter`
  ADD PRIMARY KEY (`id`),
  ADD KEY `fk_dokter_poli` (`id_poli`);

--
-- Indexes for table `jadwal_periksa`
--
ALTER TABLE `jadwal_periksa`
  ADD PRIMARY KEY (`id`),
  ADD KEY `fk_jadwal_dokter` (`id_dokter`);

--
-- Indexes for table `obat`
--
ALTER TABLE `obat`
  ADD PRIMARY KEY (`id`);

--
-- Indexes for table `pasien`
--
ALTER TABLE `pasien`
  ADD PRIMARY KEY (`id`);

--
-- Indexes for table `periksa`
--
ALTER TABLE `periksa`
  ADD PRIMARY KEY (`id`),
  ADD KEY `fk_periksa_daftarPoli` (`id_daftar_poli`);

--
-- Indexes for table `poli`
--
ALTER TABLE `poli`
  ADD PRIMARY KEY (`id`);

--
-- AUTO_INCREMENT for dumped tables
--

--
-- AUTO_INCREMENT for table `daftar_poli`
--
ALTER TABLE `daftar_poli`
  MODIFY `id` int(10) UNSIGNED NOT NULL AUTO_INCREMENT, AUTO_INCREMENT=4;

--
-- AUTO_INCREMENT for table `detail_periksa`
--
ALTER TABLE `detail_periksa`
  MODIFY `id` int(11) NOT NULL AUTO_INCREMENT, AUTO_INCREMENT=4;

--
-- AUTO_INCREMENT for table `dokter`
--
ALTER TABLE `dokter`
  MODIFY `id` int(11) NOT NULL AUTO_INCREMENT, AUTO_INCREMENT=15;

--
-- AUTO_INCREMENT for table `jadwal_periksa`
--
ALTER TABLE `jadwal_periksa`
  MODIFY `id` int(10) UNSIGNED NOT NULL AUTO_INCREMENT, AUTO_INCREMENT=8;

--
-- AUTO_INCREMENT for table `obat`
--
ALTER TABLE `obat`
  MODIFY `id` int(11) NOT NULL AUTO_INCREMENT, AUTO_INCREMENT=11;

--
-- AUTO_INCREMENT for table `pasien`
--
ALTER TABLE `pasien`
  MODIFY `id` int(10) UNSIGNED NOT NULL AUTO_INCREMENT, AUTO_INCREMENT=12;

--
-- AUTO_INCREMENT for table `periksa`
--
ALTER TABLE `periksa`
  MODIFY `id` int(11) NOT NULL AUTO_INCREMENT, AUTO_INCREMENT=3;

--
-- AUTO_INCREMENT for table `poli`
--
ALTER TABLE `poli`
  MODIFY `id` int(11) NOT NULL AUTO_INCREMENT, AUTO_INCREMENT=11;

--
-- Constraints for dumped tables
--

--
-- Constraints for table `daftar_poli`
--
ALTER TABLE `daftar_poli`
  ADD CONSTRAINT `fk_daftarPoli_jadwal` FOREIGN KEY (`id_jadwal`) REFERENCES `jadwal_periksa` (`id`),
  ADD CONSTRAINT `fk_daftarPoli_pasien` FOREIGN KEY (`id_pasien`) REFERENCES `pasien` (`id`);

--
-- Constraints for table `detail_periksa`
--
ALTER TABLE `detail_periksa`
  ADD CONSTRAINT `fk_detailPeriksa_obat` FOREIGN KEY (`id_obat`) REFERENCES `obat` (`id`),
  ADD CONSTRAINT `fk_detailPeriksa_periksa` FOREIGN KEY (`id_periksa`) REFERENCES `periksa` (`id`);

--
-- Constraints for table `dokter`
--
ALTER TABLE `dokter`
  ADD CONSTRAINT `fk_dokter_poli` FOREIGN KEY (`id_poli`) REFERENCES `poli` (`id`);

--
-- Constraints for table `jadwal_periksa`
--
ALTER TABLE `jadwal_periksa`
  ADD CONSTRAINT `fk_jadwal_dokter` FOREIGN KEY (`id_dokter`) REFERENCES `dokter` (`id`);

--
-- Constraints for table `periksa`
--
ALTER TABLE `periksa`
  ADD CONSTRAINT `fk_periksa_daftarPoli` FOREIGN KEY (`id_daftar_poli`) REFERENCES `daftar_poli` (`id`);
COMMIT;

/*!40101 SET CHARACTER_SET_CLIENT=@OLD_CHARACTER_SET_CLIENT */;
/*!40101 SET CHARACTER_SET_RESULTS=@OLD_CHARACTER_SET_RESULTS */;
/*!40101 SET COLLATION_CONNECTION=@OLD_COLLATION_CONNECTION */;
